{
	"info": {
		"_postman_id": "0ed9b842-7126-48a9-bd0c-b70dfb2052f4",
		"name": "Zoho Hawking API",
		"schema": "https://schema.getpostman.com/json/collection/v2.1.0/collection.json"
	},
	"item": [
		{
			"name": "http://localhost:8084/demoStringParser",
			"request": {
				"method": "POST",
				"header": [],
				"body": {
					"mode": "raw",
					"raw": "{\r\n    \"text\" : \"Good morning, Have a nice day. Shall we meet on December 20 ?\"\r\n}",
					"options": {
						"raw": {
							"language": "json"
						}
					}
				},
				"url": {
					"raw": "http://localhost:8084/demoStringParser",
					"protocol": "http",
					"host": [
						"localhost"
					],
					"port": "8084",
					"path": [
						"demoStringParser"
					]
				}
			},
			"response": []
		},
		{
			"name": "http://localhost:8084/userRegister",
			"request": {
				"method": "POST",
				"header": [],
				"body": {
					"mode": "raw",
					"raw": "{\r\n    \"name\" : \"abc\",\r\n    \"password\" : \"abcd\",\r\n    \"email\" : \"abc@gmail.com\",\r\n    \"phoneNo\" : \"9182736455\"\r\n}",
					"options": {
						"raw": {
							"language": "json"
						}
					}
				},
				"url": {
					"raw": "http://localhost:8084/userRegister",
					"protocol": "http",
					"host": [
						"localhost"
					],
					"port": "8084",
					"path": [
						"userRegister"
					]
				}
			},
			"response": []
		},
		{
			"name": "http://localhost:8084/userLogin",
			"request": {
				"method": "POST",
				"header": [],
				"body": {
					"mode": "raw",
					"raw": "{\r\n    \"password\" : \"jothi123\",\r\n    \"email\" : \"jothi@gmail.com\"\r\n}",
					"options": {
						"raw": {
							"language": "json"
						}
					}
				},
				"url": {
					"raw": "http://localhost:8084/userLogin",
					"protocol": "http",
					"host": [
						"localhost"
					],
					"port": "8084",
					"path": [
						"userLogin"
					]
				}
			},
			"response": []
		},
		{
			"name": "http://localhost:8084/userLogout",
			"request": {
				"method": "POST",
				"header": [],
				"body": {
					"mode": "raw",
					"raw": "{\r\n    \"token\": \"af5f39bd-9a6f-40a0-a40b-1a4c72d6ccbd\",\r\n    \"email\" : \"abc@gmail.com\"\r\n}",
					"options": {
						"raw": {
							"language": "json"
						}
					}
				},
				"url": {
					"raw": "http://localhost:8084/userLogout",
					"protocol": "http",
					"host": [
						"localhost"
					],
					"port": "8084",
					"path": [
						"userLogout"
					]
				}
			},
			"response": []
		},
		{
			"name": "http://localhost:8084/updateConfigs",
			"request": {
				"method": "POST",
				"header": [],
				"body": {
					"mode": "raw",
					"raw": "{\r\n    \"token\": \"af5f39bd-9a6f-40a0-a40b-1a4c72d6ccbd\",\r\n    \"email\" : \"abc@gmail.com\",\r\n    \"configs\" : {\r\n        \"timeZone\" : \"IST\",\r\n        \"dateFormat\" : \"yyyy/mm/dd\",\r\n        \"fiscalYearStart\" :\"6\",\r\n        \"fiscalYearEnd\" :\"9\" \r\n    }\r\n}",
					"options": {
						"raw": {
							"language": "json"
						}
					}
				},
				"url": {
					"raw": "http://localhost:8084/updateConfigs",
					"protocol": "http",
					"host": [
						"localhost"
					],
					"port": "8084",
					"path": [
						"updateConfigs"
					]
				}
			},
			"response": []
		},
		{
			"name": "http://localhost:8084/parseString",
			"request": {
				"method": "POST",
				"header": [],
				"body": {
					"mode": "raw",
					"raw": "{\r\n    \"token\": \"af5f39bd-9a6f-40a0-a40b-1a4c72d6ccbd\",\r\n    \"email\" : \"abc@gmail.com\",\r\n    \"text\" : \"Good morning, Have a nice day. Shall we meet on December 20 ?\"\r\n}",
					"options": {
						"raw": {
							"language": "json"
						}
					}
				},
				"url": {
					"raw": "http://localhost:8084/parseString",
					"protocol": "http",
					"host": [
						"localhost"
					],
					"port": "8084",
					"path": [
						"parseString"
					]
				}
			},
			"response": []
		}
	]
}